<?xml version="1.0" encoding="utf-8"?>
<Module xmlns:yap="http://www.yahoo.com/ns/yap">
  <ModulePrefs title="Friend Game" title_url="" description="Friend Game. Get to know your friends better" author="" author_link="http://profiles.yahoo.com/u/HW6VMGKOVK76J4OM4XRFY2KAG4" category="Entertainment-Entertainment" category2="Entertainment-Games">
    <Icon>http://www.shukitchan.com/friendgame/fc-16.png</Icon>
    <Locale lang="en" country="US"/>
    <Require feature="yap.feature.classic"/>
    <Require feature="opensocial-0.8"/>
    <yap:Extension name="yap.gadgets.ShortDescription"></yap:Extension>
    <yap:Extension name="yap.gadgets.CreatorImageUrl"></yap:Extension>
    <yap:Extension name="yap.gadgets.CreatorWebsiteUrl"></yap:Extension>
    <yap:Extension name="yap.gadgets.YahooComIconUrl">http://www.shukitchan.com/friendgame/fc-20.GIF</yap:Extension>
    <yap:Extension name="yap.gadgets.ScreenshotUrl">http://www.shukitchan.com/friendgame/screenshot.png</yap:Extension>
    <yap:Extension name="yap.gadgets.TouUrl"></yap:Extension>
    <yap:Extension name="yap.gadgets.PrivacyUrl"></yap:Extension>
    <yap:Extension name="yap.gadgets.ApplicationIconUrl">http://www.shukitchan.com/friendgame/fc-64.png</yap:Extension>
    <yap:Extension name="yap.gadgets.Tags"></yap:Extension>
  </ModulePrefs>
  <Content type="html" view="YahooSmallView"><![CDATA[<!-- BEGIN Default Content: this is shown until the user personalizes your app -->
<div style="margin: 5px; width: 98%;">
	<div style="overflow: hidden; height: 50px; width: 100%; float: left;">
                <yml:a view="YahooFullView">
				<img style="border: 0px none ;" width="210" height="48" src="http://www.shukitchan.com/friendgame/friendgame.png"/>
		</yml:a>	
        </div> 
<table style="clear: both;">
			<tr><td style="padding: 5px; text-align: center; height: 90px;">
				<div style="padding: 5px; font-weight: bold;">Go to your profile and invite more friends to connect</div>
                                <div style="padding: 5px;"><yml:profile-pic width="48" /> <yml:name linked="true" capitalize="true" /></div>
			</td></tr>
		</table>
</div>]]></Content>
  <Content type="html" view="YahooFullView" href="http://www.shukitchan.com/friendgame/mysocial.php"/>
</Module>
